Metric,Value
Class Imbalance (Sex),  -0.11918653108851475
KL Divergence (Sex), -0.0020522042409103804
KS (Sex), -0.02200972264221529
CDDL (Sex), -0.039109395056460605