Metric,Value
Class Imbalance (Sex), 0.5128644939965694
KL Divergence (Sex), 0.01727891432917686
KS (Sex), 0.08680655360735845
CDDL (Sex), 0.06332535450295355